{"loss_valid":0.7270950078964233,"_timestamp":1.7653960675196652e+09,"_wandb":{"runtime":369},"_runtime":369,"_step":20,"metric_train":0.9841089248657227,"loss_train":0.8412331938743591,"metric_valid":0.7773922085762024}