{"epoch_loss":0.6766603738069534,"_wandb":{"runtime":0},"_runtime":0,"epoch":9,"step":154,"_timestamp":1.7653727333331966e+09,"_step":29,"batch_loss":0.6673776507377625}