{"epoch_loss":0.6755131371319294,"_wandb":{"runtime":0},"_runtime":0,"batch_loss":0.668202817440033,"epoch":9,"step":154,"_timestamp":1.765374996480549e+09,"_step":29}